{"cameraMode":{"drawMode":0,"name":"Shaded","section":"Shading Mode"},"sceneLighting":true,"audioPlay":false,"sceneViewState":{"m_AlwaysRefresh":false,"showFog":true,"showSkybox":true,"showFlares":true,"showImageEffects":true,"showParticleSystems":true,"showVisualEffectGraphs":true,"m_FxEnabled":false},"in2DMode":false,"pivot":{"x":137.29754638671876,"y":-0.649352490901947,"z":72.02227020263672},"rotation":{"x":-0.006615256890654564,"y":-0.988398015499115,"z":0.14664983749389649,"w":-0.042740169912576678},"size":22.742572784423829,"orthographic":false}