{"cameraMode":{"drawMode":0,"name":"Shaded","section":"Shading Mode"},"sceneLighting":false,"audioPlay":false,"sceneViewState":{"m_AlwaysRefresh":false,"showFog":true,"showSkybox":false,"showFlares":true,"showImageEffects":true,"showParticleSystems":true,"showVisualEffectGraphs":true,"m_FxEnabled":false},"in2DMode":false,"pivot":{"x":1.1528290510177613,"y":0.7663425803184509,"z":-0.11907452344894409},"rotation":{"x":-0.26068219542503359,"y":0.18454648554325105,"z":-0.05082098767161369,"w":-0.9462793469429016},"size":1.2247447967529297,"orthographic":false}